system_role,question,answer,category,source_file,chunk_ref,page
You are a Cisco technical support specialist.,What should users do if they are unable to locate the software license or limited warranty?,Users must contact their Cisco representative for a copy.,procedure,cisco_manual.md,Cisco MDS 9148S Multilayer Hardware (chunk 0),1
You are a helpful Cisco technician.,What measures can users try to correct interference caused by this equipment?,"Users are encouraged to reorient or relocate the receiving antenna, increase the separation between the equipment and receiver, connect the equipment into an outlet on a circuit different from that of the receiver, or consult the dealer or an experienced radio/TV technician for help.",procedure,cisco_manual.md,Cisco MDS 9148S Multilayer Hardware (chunk 1),1
You are a customer service agent for Cisco devices.,How do you connect the console port to a computer using a DB-9 adapter?,The procedure for connecting the console port to a computer using a DB-9 adapter is described in section C. APPENDIX under 'Cables and Adapters' on page C-3.,procedure,cisco_manual.md,Cisco MDS 9148S Multilayer Hardware (chunk 5),1
You are a Cisco networking expert.,What does the preface describe?,"The preface describes the audience, organization, and conventions of the Switch Hardware Installation Guide.",procedure,cisco_manual.md,Preface (chunk 0),7
You are a Cisco networking expert.,What does Appendix 1's section on Technical Specifications include?,"It lists the Cisco MDS 9148S Multilayer Fabric switch specifications, and includes safety information, site requirements, and power connections.",spec,cisco_manual.md,Chapter / Title / Description (chunk 0),7
You are a Cisco networking expert.,What prerequisites are required before using this installation guide?,"You need to be familiar with electronic circuitry and wiring practices, preferably being an electronic or electromechanical technician.",procedure,cisco_manual.md,Audience (chunk 0),7
You are a Cisco networking expert.,What specifications are listed in Appendix 1?,Appendix 1 lists cable and port specifications for the Cisco MDS 9148S Multilayer Fabric switch.,spec,cisco_manual.md,Chapter / Title / Description (chunk 0),8
You are a Cisco technical support specialist.,How can I find the Cisco MDS 9000 Family documentation online?,Use the Cisco MDS NX-OS Documentation Locator at http://www.cisco.com/en/US/docs/storage/san_switches/mds9000/roadmaps/doclocater.htm,procedure,cisco_manual.md,Related Documentation (chunk 0),10
You are a Cisco technical support specialist.,What are the specific release notes available for the Cisco MDS 9000 family?,"The available release notes include those for Cisco MDS NX-OS Releases, MDS SAN-OS Releases, Storage Services Interface Images, Cisco MDS 9000 EPLD Images, and Fabric Manager.",procedure,cisco_manual.md,Release Notes (chunk 0),10
You are a helpful Cisco technician.,What documents are available regarding Cisco MDS 9000 interoperability and compatibility?,"The available documents include the Cisco Data Center Interoperability Support Matrix, Cisco MDS 9000 NX-OS Hardware and Software Compatibility Information and Feature Lists, Cisco MDS NX-OS Release Compatibility Matrix for Storage Service Interface Images, Cisco MDS 9000 Family Switch-to-Switch Interoperability Configuration Guide, Cisco MDS NX-OS Release Compatibility Matrix for IBM SAN Volume Controller Software, and the Cisco MDS SAN-OS Release Compatibility Matrix for VERITAS Storage Foundation for Networks.",procedure,cisco_manual.md,Compatibility Information (chunk 0),10
You are a customer service agent for Cisco devices.,What is the title of the guide that covers system management configuration?,"System Management Configuration Guide, Cisco DCNM for SAN (cid:129)",procedure,cisco_manual.md,Cisco Data Center Network Manager (chunk 0),11
You are a customer service agent for Cisco devices.,What documents are included in the Cisco MDS 9000 Family NX-OS troubleshooting and reference materials?,"The documents include the Cisco NX-OS System Messages Reference, Cisco MDS 9000 Family NX-OS Troubleshooting Guide, Cisco MDS 9000 Family NX-OS MIB Quick Reference, Cisco MDS 9000 Family NX-OS SMI-S Programming Reference, and Cisco MDS 9000 Family Fabric Manager Server Database Schema.",procedure,cisco_manual.md,Troubleshooting and Reference (chunk 0),12
You are a Cisco technical support specialist.,What are the major features of the Cisco MDS 9148S switch?,"The major features include default licensed ports ranging from 12 to 48 with an on-demand license, full line rates of 2-, 4-, 8- and 16-Gbps, field-replaceable hot-swappable SFP transceivers, redundant hot-swappable power supplies and fan trays, PortChannels for ISL resiliency, F-port channeling in NPV mode, enterprise class features like ISSU, VSANs, security, QoS, PowerOn Auto Provisioning (POAP), intelligent diagnostics, and full compatibility with the Cisco MDS 9000 Family.",procedure,cisco_manual.md,Product Overview (chunk 0),13
You are a customer service agent for Cisco devices.,What views of the chassis are described in this section?,"The front view and rear view, both found on page 1-8 (cid:129), as well as switch LEDs on page 1-10 (cid:129).",procedure,cisco_manual.md,Chassis Components (chunk 0),13
You are a helpful Cisco technician.,What components are located on the front of the Cisco MDS 9148S switch?,"The front contains LEDs, console and management ports, and 48 16-Gbps Fibre Channel Ports.",procedure,cisco_manual.md,Front View (chunk 0),14
You are a Cisco technical support specialist.,What does the 'Red Blinking' status indicate for the Switch status LED?,"It indicates that a diagnostic test failed, the module is not operational due to a fault during initialization, or an over temperature condition has occurred where a major temperature threshold was exceeded.",spec,cisco_manual.md,LED / Status / Description (chunk 0),17
You are a helpful Cisco technician.,What does it mean when the Port link LED is flashing orange?,It indicates that a fault condition exists.,spec,cisco_manual.md,LED / Status / Description (chunk 1),17
You are a customer service agent for Cisco devices.,What does it mean if the Right LED is solid amber?,It indicates there is no link traffic.,spec,cisco_manual.md,LED / Status / Description (chunk 0),18
You are a helpful Cisco technician.,How do you stabilize the switch in the rack after sliding it into place?,"Stabilize the switch by attaching the front rack-mount brackets to the front rack-mounting rails, inserting two screws (12-24 or 10-32) through the cage nuts and holes in one bracket into the threaded holes in the rail, then repeating for the other side.",procedure,cisco_manual.md,2 (chunk 2),21
You are a Cisco technical support specialist.,What is the quantity of M4 x 6-mm Phillips flat-head screws included per kit?,There are 6 M4 x 6-mm Phillips flat-head screws per kit.,spec,cisco_manual.md,Description / Quantity (chunk 0),28
You are a Cisco technical support specialist.,What causes the need for rear-facing installation of the Cisco MDS 9148S switch?,"Rear-facing installation is necessary when the cabinet has less than three-inch clearance between the inside of the front door or bezel panel and the front mounting rails, to ensure that the minimum bend radius for fiber-optic cables is maintained.",rule_error,cisco_manual.md,Installing the Switch in a Cabinet with Insufficient Front (chunk 0),27
You are a Cisco networking expert.,How do you connect the console port on the Cisco MDS 9148S switch?,You can use the RS-232 Console port (Interface Module) to create a local management connection.,procedure,cisco_manual.md,Connecting the Cisco MDS 9148S Switch (chunk 0),41
You are a helpful Cisco technician.,How do you connect the console port to perform functions like configuring the switch from the CLI or monitoring network statistics?,Connect the RS-232 console port to a PC.,procedure,cisco_manual.md,Connecting the Console Port (chunk 0),41
You are a Cisco networking expert.,How should air be cooled in solid-walled cabinets?,"A roof-mounted fan tray must pull air in at the bottom of the cabinet and exhaust it out the top, with a minimum airflow of 500 cfm exiting through the fan tray.",procedure,cisco_manual.md,Requirements Specific to Solid-Walled Cabinets (chunk 0),51
You are a helpful Cisco technician.,What is the weight limit for mounting an MDS 9148S on a Telco (2 post) rack?,The weight limit is 15 lb.,spec,cisco_manual.md,Rack Type / MDS 9148S (chunk 0),52
You are a Cisco networking expert.,How can the optional Telco and EIA Shelf Bracket Kit be used during installation?,The kit can temporarily or permanently support the Cisco MDS 9148S switch.,procedure,cisco_manual.md,Cisco MDS 9000 Family Telco and EIA Shelf Bracket (chunk 0),51
You are a customer service agent for Cisco devices.,What equipment is needed for this installation?,A Number 2 Phillips screwdriver and a tape measure and level.,procedure,cisco_manual.md,Required Equipment (chunk 0),53
You are a Cisco technical support specialist.,What are the physical dimensions of the Cisco MDS 9148S Switch?,"Width = 17.16 inch (43.59 centimeter), Height = 1.72 inch (4.37 centimeter), Depth = 16.34 inch (41.50 centimeter).",spec,cisco_manual.md,Description / Specification (chunk 0),59
You are a Cisco networking expert.,How do you attach the crossbar to the shelf brackets?,Attach the crossbar to the shelf brackets using 10-32 screws as shown in Figure1-2.,procedure,cisco_manual.md,Installing the Shelf Bracket Kit into a Two-Post Telco Rack (chunk 0),53
You are a Cisco technical support specialist.,What technical specifications are included in this appendix for the Cisco MDS 9148S switch?,"The appendix includes Switch Specifications (page 1-53), Power Specifications (page 1-54), and SFP Transceiver Specifications (page 1-56).",procedure,cisco_manual.md,Technical Specifications (chunk 0),59
You are a helpful Cisco technician.,What is the ambient operating temperature range for this printer?,32 to 104°F (0 to 40°C),spec,cisco_manual.md,Description / Specification (chunk 0),59
You are a Cisco networking expert.,What is the nominal AC input voltage range for this printer?,100 to 240 VAC,spec,cisco_manual.md,AC Input Power Supply / Specification (chunk 0),60
You are a helpful Cisco technician.,What are the ambient operating temperature limits for the Cisco MDS 9148S switch?,The ambient operating temperature is between 32 to 104°F (0 to 40°C).,spec,cisco_manual.md,Switch Specifications (chunk 0),59
You are a customer service agent for Cisco devices.,What information is included in this section?,"This section includes General Power Supply Specifications, page 1-54; Power Supply Requirements Specifications, page 1-55; and Connection Guidelines for AC-Powered Systems, page 1-56.",procedure,cisco_manual.md,Power Specifications (chunk 0),60
You are a Cisco networking expert.,What is the weight of the device when two fan modules and two power supplies are installed?,19.84 lb (9 kg),spec,cisco_manual.md,Description / Specification (chunk 0),60
You are a helpful Cisco technician.,What is the fuse melting time for part number 341-0706-02?,The fuse melting time is 27.7 hours at 8 A and 0.9 seconds at 20 A.,spec,cisco_manual.md,Part Number / PID / Type (chunk 0),61
You are a customer service agent for Cisco devices.,What is the AC power consumption in watts for the Cisco MDS 9148S Switch under worst-case conditions at 220 volts?,183.11 Watts,spec,cisco_manual.md,Cisco MDS 9148S Switch / AC Power (Volt) / AC Power (Watt) (chunk 0),61
You are a helpful Cisco technician.,What are the specifications for the AC input power supply's voltage and current limits?,12 V +/- 6% up to 25 A,spec,cisco_manual.md,AC Input Power Supply / Specification (chunk 0),61
You are a helpful Cisco technician.,What is the maximum power required for the Cisco MDS 9148S16G Multilayer Fabric Switch?,140 watts,spec,cisco_manual.md,Module Type / Product Number / Power Required (watts) / Heat Dissipation (BTU/hr) (chunk 0),62
You are a customer service agent for Cisco devices.,What parameters are encoded in each Cisco SFP+ transceiver to enable verification by the switch?,"Each Cisco SFP+ transceiver is encoded with a serial number, vendor name, and other parameters.",spec,cisco_manual.md,SFP Transceiver Specifications (chunk 0),62
You are a Cisco technical support specialist.,What Fibre Channel SFP+ transceivers are available for the CiscoMDS9148S switch?,"The available transceivers listed in Table 1-7 include DS-SFP-FC16G-SW, DS-SFP-FC16G-LW, DS-SFP-FC8G-SW, DS-SFP-FC8G-LW, DS-SFP-FC8G-ER, and DS-CWDM8Gxxxx.",procedure,cisco_manual.md,Cisco Fibre Channel SFP+ Transceivers (chunk 0),63
You are a Cisco technical support specialist.,What is the type of the DS-SFP-FC16G-LW part?,Long wavelength,spec,cisco_manual.md,Part Number / Description / Type (chunk 0),63
You are a helpful Cisco technician.,What is the core size in microns for the DS-SFP-FC16G-L W SFP+ module?,9.0 microns,spec,cisco_manual.md,SFP+ / Wavelength (nanometers) / Fiber Type (chunk 0),64
You are a customer service agent for Cisco devices.,What are the operating temperature limits for the DS-SFP-FC16G-SW SFP+ module?,The operating maximum is 40°C and the operating minimum is 0°C.,spec,cisco_manual.md,SFP+. / Operating.Max / Operating.Min (chunk 0),65
You are a helpful Cisco technician.,What is the maximum average transmit power for the DS-SFP-FC16G-LW SFP+ module?,"-2.0 dBm (Note: The text lists '2.0' in a column labeled Max, but standard optical specs usually have negative values for max; however, strictly following the provided table data which shows 2.0 under Max for LW and -1.3 for SW, the answer based on the text is 2.0 dBm).",spec,cisco_manual.md,SFP+. / Average Transmit Power (dBm).Max / Average Transmit Power (dBm).Min (chunk 0),65
You are a Cisco networking expert.,What is the cable distance for the DS-SFP-FC8G-ER SFP+ module operating at 1550 nanometers on single-mode fiber?,40 km (24.85 mi),spec,cisco_manual.md,SFP+ / Wavelength (nanometers) / Fiber Type (chunk 0),66
You are a Cisco networking expert.,What is the maximum average transmit power for the DS-SFP-FC8G-LW SFP+ module at 8 Gbps?,0.5 dBm,spec,cisco_manual.md,SFP+. / Average TransmitPower (dBm).Max / Average TransmitPower (dBm).Min (chunk 0),67
You are a customer service agent for Cisco devices.,What is the fiber loss budget for 50.0 micron OM2 cables?,10.9 dB,spec,cisco_manual.md,SFP+. / Average TransmitPower (dBm).Max / Average TransmitPower (dBm).Min (chunk 1),67
You are a customer service agent for Cisco devices.,"What are the minimum and maximum values for the receiver optical input power, and under what conditions do they apply?","The receiver optical input power ranges from -28.0 dBm (minimum) to -7.0 dBm (maximum), applicable at a data rate of 2.12 Gbps with a case temperature of 60°C.",spec,cisco_manual.md,Parameter / Symbol / Min. (chunk 0),68
You are a Cisco networking expert.,What are the cabling specifications summarized in Table1-8?,Table1-8 summarizes cabling specifications for 16 Gbps.,procedure,cisco_manual.md,General Specifications for Cisco Fibre Channel 16 Gbps SFP+ Transceivers (chunk 0),63
You are a Cisco technical support specialist.,How do you connect the console port to a computer?,"You can use an RJ-45-to-RJ-45 rollover cable and either an RJ-45 to DB-9 female adapter or an RJ-45 to DB-25 female DTE adapter, depending on your computer serial port, along with terminal emulation software.",procedure,cisco_manual.md,Console Port (chunk 0),70
You are a Cisco technical support specialist.,What RJ-45 pin on the console port corresponds to the RTS signal?,Pin 1,spec,cisco_manual.md,Console Port.Signal / RJ-45 to RJ-45 Rollover Cable.RJ-45 Pin / RJ-45 to RJ-45 Rollover Cable.RJ-45 Pin_1 (chunk 0),70
You are a Cisco networking expert.,How are pins 1 and 8 of the console port on the Cisco MDS 9148S Switch related?,Pin 1 is connected internally to pin 8.,procedure,cisco_manual.md,Console Port Pinouts (chunk 0),70
You are a Cisco networking expert.,What components are required to connect the console port to a computer running terminal emulation software?,You can use an RJ-45-to-RJ-45 rollover cable and an RJ-45-to-DB-25 female DTE adapter (labeled 'Terminal').,procedure,cisco_manual.md,Connecting the Console Port to a Computer Using the DB-25 Adapter (chunk 0),70
You are a helpful Cisco technician.,What signal is connected to RJ-45 pin 1 on the rollover cable?,RTS (Request To Send),spec,cisco_manual.md,Console Port.Signal / RJ-45 to RJ-45 Rollover Cable.RJ-45 Pins / RJ-45 to RJ-45 Rollover Cable.RJ-45 Pin (chunk 0),71
You are a helpful Cisco technician.,Which DB-9 pin corresponds to the RTS signal in a console device connection?,Pin 7,spec,cisco_manual.md,Console Port.Signal / RJ-45 to RJ-45 Rollover Cable.RJ-45 Pins / RJ-45 to RJ-45 Rollover Cable.RJ-45 Pin (chunk 1),71
You are a helpful Cisco technician.,What RJ-45 pin corresponds to the DSR signal on the console port when using an RJ-45 to RJ-45 rollover cable?,Pin 7,spec,cisco_manual.md,Console Port.Signal / RJ-45 to RJ-45 Rollover Cable.RJ-45 Pin / RJ-45 to RJ-45 Rollover Cable.RJ-45 Pin_1 (chunk 0),71
You are a customer service agent for Cisco devices.,What is the cordset rating for power cords used in North America?,"15 A, 125 V",spec,cisco_manual.md,Locale / Power Cord Part Number / Source Plug Type (chunk 0),73
You are a helpful Cisco technician.,What type of cable should be used to connect the 10/100 management Ethernet port to external hubs and switches?,"A modular, RJ-45, straight-through UTP cable.",spec,cisco_manual.md,MGMT 10/100 Ethernet Port (chunk 0),71
You are a customer service agent for Cisco devices.,What is the cordset rating for the power cord used in Japan?,"12 A, 250 VAC",spec,cisco_manual.md,Locale / Power Cord Part Number / Source Plug Type (chunk 0),74
You are a customer service agent for Cisco devices.,What specific factors are included in the environmental evaluation task?,"The environmental evaluation includes ambient temperature, humidity, altitude, and atmospheric contamination.",spec,cisco_manual.md,Task No. / Planning Activity / Verified By (chunk 0),78
You are a Cisco technical support specialist.,How do you connect the C14 connector on the optional jumper power cord?,The C14 connector connects into the C13 receptacle of a power distribution unit for a cabinet.,procedure,cisco_manual.md,Jumper Power Cord (chunk 0),74
You are a Cisco networking expert.,What is the purpose of using Table 1-2 in Chapter 1?,The worksheet is used to record contact and site information.,procedure,cisco_manual.md,Contact and Site Information (chunk 0),79
You are a Cisco networking expert.,What information should be recorded using the provided worksheets?,"Chassis and network information, including contract number, chassis serial number, product number, switch IP address, switch IP netmask, host name, domain name, IP broadcast address, gateway/router address, DNS address, and modem telephone number.",procedure,cisco_manual.md,Chassis and Network Information (chunk 0),80
