status,variation_index,augmented_from,system_role,question,answer,category,source_file,chunk,page
original,0,,You are a Cisco technical support specialist.,What should users do if they are unable to locate the software license or limited warranty?,Users must contact their Cisco representative for a copy.,procedure,cisco_manual.md,Cisco MDS 9148S Multilayer Hardware (chunk 0),1
original,0,,You are a helpful Cisco technician.,What measures can users try to correct interference caused by this equipment?,"Users are encouraged to reorient or relocate the receiving antenna, increase the separation between the equipment and receiver, connect the equipment into an outlet on a circuit different from that of the receiver, or consult the dealer or an experienced radio/TV technician for help.",procedure,cisco_manual.md,Cisco MDS 9148S Multilayer Hardware (chunk 1),1
original,0,,You are a customer service agent for Cisco devices.,How do you connect the console port to a computer using a DB-9 adapter?,The procedure for connecting the console port to a computer using a DB-9 adapter is described in section C. APPENDIX under 'Cables and Adapters' on page C-3.,procedure,cisco_manual.md,Cisco MDS 9148S Multilayer Hardware (chunk 5),1
original,0,,You are a Cisco networking expert.,What does the preface describe?,"The preface describes the audience, organization, and conventions of the Switch Hardware Installation Guide.",procedure,cisco_manual.md,Preface (chunk 0),7
original,0,,You are a Cisco networking expert.,What does Appendix 1's section on Technical Specifications include?,"It lists the Cisco MDS 9148S Multilayer Fabric switch specifications, and includes safety information, site requirements, and power connections.",spec,cisco_manual.md,Chapter / Title / Description (chunk 0),7
original,0,,You are a Cisco networking expert.,What prerequisites are required before using this installation guide?,"You need to be familiar with electronic circuitry and wiring practices, preferably being an electronic or electromechanical technician.",procedure,cisco_manual.md,Audience (chunk 0),7
original,0,,You are a Cisco networking expert.,What specifications are listed in Appendix 1?,Appendix 1 lists cable and port specifications for the Cisco MDS 9148S Multilayer Fabric switch.,spec,cisco_manual.md,Chapter / Title / Description (chunk 0),8
original,0,,You are a Cisco technical support specialist.,How can I find the Cisco MDS 9000 Family documentation online?,Use the Cisco MDS NX-OS Documentation Locator at http://www.cisco.com/en/US/docs/storage/san_switches/mds9000/roadmaps/doclocater.htm,procedure,cisco_manual.md,Related Documentation (chunk 0),10
original,0,,You are a Cisco technical support specialist.,What are the specific release notes available for the Cisco MDS 9000 family?,"The available release notes include those for Cisco MDS NX-OS Releases, MDS SAN-OS Releases, Storage Services Interface Images, Cisco MDS 9000 EPLD Images, and Fabric Manager.",procedure,cisco_manual.md,Release Notes (chunk 0),10
original,0,,You are a helpful Cisco technician.,What documents are available regarding Cisco MDS 9000 interoperability and compatibility?,"The available documents include the Cisco Data Center Interoperability Support Matrix, Cisco MDS 9000 NX-OS Hardware and Software Compatibility Information and Feature Lists, Cisco MDS NX-OS Release Compatibility Matrix for Storage Service Interface Images, Cisco MDS 9000 Family Switch-to-Switch Interoperability Configuration Guide, Cisco MDS NX-OS Release Compatibility Matrix for IBM SAN Volume Controller Software, and the Cisco MDS SAN-OS Release Compatibility Matrix for VERITAS Storage Foundation for Networks.",procedure,cisco_manual.md,Compatibility Information (chunk 0),10
original,0,,You are a customer service agent for Cisco devices.,What is the title of the guide that covers system management configuration?,"System Management Configuration Guide, Cisco DCNM for SAN (cid:129)",procedure,cisco_manual.md,Cisco Data Center Network Manager (chunk 0),11
original,0,,You are a customer service agent for Cisco devices.,What documents are included in the Cisco MDS 9000 Family NX-OS troubleshooting and reference materials?,"The documents include the Cisco NX-OS System Messages Reference, Cisco MDS 9000 Family NX-OS Troubleshooting Guide, Cisco MDS 9000 Family NX-OS MIB Quick Reference, Cisco MDS 9000 Family NX-OS SMI-S Programming Reference, and Cisco MDS 9000 Family Fabric Manager Server Database Schema.",procedure,cisco_manual.md,Troubleshooting and Reference (chunk 0),12
original,0,,You are a Cisco technical support specialist.,What are the major features of the Cisco MDS 9148S switch?,"The major features include default licensed ports ranging from 12 to 48 with an on-demand license, full line rates of 2-, 4-, 8- and 16-Gbps, field-replaceable hot-swappable SFP transceivers, redundant hot-swappable power supplies and fan trays, PortChannels for ISL resiliency, F-port channeling in NPV mode, enterprise class features like ISSU, VSANs, security, QoS, PowerOn Auto Provisioning (POAP), intelligent diagnostics, and full compatibility with the Cisco MDS 9000 Family.",procedure,cisco_manual.md,Product Overview (chunk 0),13
original,0,,You are a customer service agent for Cisco devices.,What views of the chassis are described in this section?,"The front view and rear view, both found on page 1-8 (cid:129), as well as switch LEDs on page 1-10 (cid:129).",procedure,cisco_manual.md,Chassis Components (chunk 0),13
original,0,,You are a helpful Cisco technician.,What components are located on the front of the Cisco MDS 9148S switch?,"The front contains LEDs, console and management ports, and 48 16-Gbps Fibre Channel Ports.",procedure,cisco_manual.md,Front View (chunk 0),14
original,0,,You are a Cisco technical support specialist.,What does the 'Red Blinking' status indicate for the Switch status LED?,"It indicates that a diagnostic test failed, the module is not operational due to a fault during initialization, or an over temperature condition has occurred where a major temperature threshold was exceeded.",spec,cisco_manual.md,LED / Status / Description (chunk 0),17
original,0,,You are a helpful Cisco technician.,What does it mean when the Port link LED is flashing orange?,It indicates that a fault condition exists.,spec,cisco_manual.md,LED / Status / Description (chunk 1),17
original,0,,You are a customer service agent for Cisco devices.,What does it mean if the Right LED is solid amber?,It indicates there is no link traffic.,spec,cisco_manual.md,LED / Status / Description (chunk 0),18
original,0,,You are a helpful Cisco technician.,How do you stabilize the switch in the rack after sliding it into place?,"Stabilize the switch by attaching the front rack-mount brackets to the front rack-mounting rails, inserting two screws (12-24 or 10-32) through the cage nuts and holes in one bracket into the threaded holes in the rail, then repeating for the other side.",procedure,cisco_manual.md,2 (chunk 2),21
original,0,,You are a Cisco technical support specialist.,What is the quantity of M4 x 6-mm Phillips flat-head screws included per kit?,There are 6 M4 x 6-mm Phillips flat-head screws per kit.,spec,cisco_manual.md,Description / Quantity (chunk 0),28
original,0,,You are a Cisco technical support specialist.,What causes the need for rear-facing installation of the Cisco MDS 9148S switch?,"Rear-facing installation is necessary when the cabinet has less than three-inch clearance between the inside of the front door or bezel panel and the front mounting rails, to ensure that the minimum bend radius for fiber-optic cables is maintained.",rule_error,cisco_manual.md,Installing the Switch in a Cabinet with Insufficient Front (chunk 0),27
original,0,,You are a Cisco networking expert.,How do you connect the console port on the Cisco MDS 9148S switch?,You can use the RS-232 Console port (Interface Module) to create a local management connection.,procedure,cisco_manual.md,Connecting the Cisco MDS 9148S Switch (chunk 0),41
original,0,,You are a helpful Cisco technician.,How do you connect the console port to perform functions like configuring the switch from the CLI or monitoring network statistics?,Connect the RS-232 console port to a PC.,procedure,cisco_manual.md,Connecting the Console Port (chunk 0),41
original,0,,You are a Cisco networking expert.,How should air be cooled in solid-walled cabinets?,"A roof-mounted fan tray must pull air in at the bottom of the cabinet and exhaust it out the top, with a minimum airflow of 500 cfm exiting through the fan tray.",procedure,cisco_manual.md,Requirements Specific to Solid-Walled Cabinets (chunk 0),51
original,0,,You are a helpful Cisco technician.,What is the weight limit for mounting an MDS 9148S on a Telco (2 post) rack?,The weight limit is 15 lb.,spec,cisco_manual.md,Rack Type / MDS 9148S (chunk 0),52
original,0,,You are a Cisco networking expert.,How can the optional Telco and EIA Shelf Bracket Kit be used during installation?,The kit can temporarily or permanently support the Cisco MDS 9148S switch.,procedure,cisco_manual.md,Cisco MDS 9000 Family Telco and EIA Shelf Bracket (chunk 0),51
original,0,,You are a customer service agent for Cisco devices.,What equipment is needed for this installation?,A Number 2 Phillips screwdriver and a tape measure and level.,procedure,cisco_manual.md,Required Equipment (chunk 0),53
original,0,,You are a Cisco technical support specialist.,What are the physical dimensions of the Cisco MDS 9148S Switch?,"Width = 17.16 inch (43.59 centimeter), Height = 1.72 inch (4.37 centimeter), Depth = 16.34 inch (41.50 centimeter).",spec,cisco_manual.md,Description / Specification (chunk 0),59
original,0,,You are a Cisco networking expert.,How do you attach the crossbar to the shelf brackets?,Attach the crossbar to the shelf brackets using 10-32 screws as shown in Figure1-2.,procedure,cisco_manual.md,Installing the Shelf Bracket Kit into a Two-Post Telco Rack (chunk 0),53
original,0,,You are a Cisco technical support specialist.,What technical specifications are included in this appendix for the Cisco MDS 9148S switch?,"The appendix includes Switch Specifications (page 1-53), Power Specifications (page 1-54), and SFP Transceiver Specifications (page 1-56).",procedure,cisco_manual.md,Technical Specifications (chunk 0),59
original,0,,You are a helpful Cisco technician.,What is the ambient operating temperature range for this printer?,32 to 104°F (0 to 40°C),spec,cisco_manual.md,Description / Specification (chunk 0),59
original,0,,You are a Cisco networking expert.,What is the nominal AC input voltage range for this printer?,100 to 240 VAC,spec,cisco_manual.md,AC Input Power Supply / Specification (chunk 0),60
original,0,,You are a helpful Cisco technician.,What are the ambient operating temperature limits for the Cisco MDS 9148S switch?,The ambient operating temperature is between 32 to 104°F (0 to 40°C).,spec,cisco_manual.md,Switch Specifications (chunk 0),59
original,0,,You are a customer service agent for Cisco devices.,What information is included in this section?,"This section includes General Power Supply Specifications, page 1-54; Power Supply Requirements Specifications, page 1-55; and Connection Guidelines for AC-Powered Systems, page 1-56.",procedure,cisco_manual.md,Power Specifications (chunk 0),60
original,0,,You are a Cisco networking expert.,What is the weight of the device when two fan modules and two power supplies are installed?,19.84 lb (9 kg),spec,cisco_manual.md,Description / Specification (chunk 0),60
original,0,,You are a helpful Cisco technician.,What is the fuse melting time for part number 341-0706-02?,The fuse melting time is 27.7 hours at 8 A and 0.9 seconds at 20 A.,spec,cisco_manual.md,Part Number / PID / Type (chunk 0),61
original,0,,You are a customer service agent for Cisco devices.,What is the AC power consumption in watts for the Cisco MDS 9148S Switch under worst-case conditions at 220 volts?,183.11 Watts,spec,cisco_manual.md,Cisco MDS 9148S Switch / AC Power (Volt) / AC Power (Watt) (chunk 0),61
original,0,,You are a helpful Cisco technician.,What are the specifications for the AC input power supply's voltage and current limits?,12 V +/- 6% up to 25 A,spec,cisco_manual.md,AC Input Power Supply / Specification (chunk 0),61
original,0,,You are a helpful Cisco technician.,What is the maximum power required for the Cisco MDS 9148S16G Multilayer Fabric Switch?,140 watts,spec,cisco_manual.md,Module Type / Product Number / Power Required (watts) / Heat Dissipation (BTU/hr) (chunk 0),62
original,0,,You are a customer service agent for Cisco devices.,What parameters are encoded in each Cisco SFP+ transceiver to enable verification by the switch?,"Each Cisco SFP+ transceiver is encoded with a serial number, vendor name, and other parameters.",spec,cisco_manual.md,SFP Transceiver Specifications (chunk 0),62
original,0,,You are a Cisco technical support specialist.,What Fibre Channel SFP+ transceivers are available for the CiscoMDS9148S switch?,"The available transceivers listed in Table 1-7 include DS-SFP-FC16G-SW, DS-SFP-FC16G-LW, DS-SFP-FC8G-SW, DS-SFP-FC8G-LW, DS-SFP-FC8G-ER, and DS-CWDM8Gxxxx.",procedure,cisco_manual.md,Cisco Fibre Channel SFP+ Transceivers (chunk 0),63
original,0,,You are a Cisco technical support specialist.,What is the type of the DS-SFP-FC16G-LW part?,Long wavelength,spec,cisco_manual.md,Part Number / Description / Type (chunk 0),63
original,0,,You are a helpful Cisco technician.,What is the core size in microns for the DS-SFP-FC16G-L W SFP+ module?,9.0 microns,spec,cisco_manual.md,SFP+ / Wavelength (nanometers) / Fiber Type (chunk 0),64
original,0,,You are a customer service agent for Cisco devices.,What are the operating temperature limits for the DS-SFP-FC16G-SW SFP+ module?,The operating maximum is 40°C and the operating minimum is 0°C.,spec,cisco_manual.md,SFP+. / Operating.Max / Operating.Min (chunk 0),65
original,0,,You are a helpful Cisco technician.,What is the maximum average transmit power for the DS-SFP-FC16G-LW SFP+ module?,"-2.0 dBm (Note: The text lists '2.0' in a column labeled Max, but standard optical specs usually have negative values for max; however, strictly following the provided table data which shows 2.0 under Max for LW and -1.3 for SW, the answer based on the text is 2.0 dBm).",spec,cisco_manual.md,SFP+. / Average Transmit Power (dBm).Max / Average Transmit Power (dBm).Min (chunk 0),65
original,0,,You are a Cisco networking expert.,What is the cable distance for the DS-SFP-FC8G-ER SFP+ module operating at 1550 nanometers on single-mode fiber?,40 km (24.85 mi),spec,cisco_manual.md,SFP+ / Wavelength (nanometers) / Fiber Type (chunk 0),66
original,0,,You are a Cisco networking expert.,What is the maximum average transmit power for the DS-SFP-FC8G-LW SFP+ module at 8 Gbps?,0.5 dBm,spec,cisco_manual.md,SFP+. / Average TransmitPower (dBm).Max / Average TransmitPower (dBm).Min (chunk 0),67
original,0,,You are a customer service agent for Cisco devices.,What is the fiber loss budget for 50.0 micron OM2 cables?,10.9 dB,spec,cisco_manual.md,SFP+. / Average TransmitPower (dBm).Max / Average TransmitPower (dBm).Min (chunk 1),67
original,0,,You are a customer service agent for Cisco devices.,"What are the minimum and maximum values for the receiver optical input power, and under what conditions do they apply?","The receiver optical input power ranges from -28.0 dBm (minimum) to -7.0 dBm (maximum), applicable at a data rate of 2.12 Gbps with a case temperature of 60°C.",spec,cisco_manual.md,Parameter / Symbol / Min. (chunk 0),68
original,0,,You are a Cisco networking expert.,What are the cabling specifications summarized in Table1-8?,Table1-8 summarizes cabling specifications for 16 Gbps.,procedure,cisco_manual.md,General Specifications for Cisco Fibre Channel 16 Gbps SFP+ Transceivers (chunk 0),63
original,0,,You are a Cisco technical support specialist.,How do you connect the console port to a computer?,"You can use an RJ-45-to-RJ-45 rollover cable and either an RJ-45 to DB-9 female adapter or an RJ-45 to DB-25 female DTE adapter, depending on your computer serial port, along with terminal emulation software.",procedure,cisco_manual.md,Console Port (chunk 0),70
original,0,,You are a Cisco technical support specialist.,What RJ-45 pin on the console port corresponds to the RTS signal?,Pin 1,spec,cisco_manual.md,Console Port.Signal / RJ-45 to RJ-45 Rollover Cable.RJ-45 Pin / RJ-45 to RJ-45 Rollover Cable.RJ-45 Pin_1 (chunk 0),70
original,0,,You are a Cisco networking expert.,How are pins 1 and 8 of the console port on the Cisco MDS 9148S Switch related?,Pin 1 is connected internally to pin 8.,procedure,cisco_manual.md,Console Port Pinouts (chunk 0),70
original,0,,You are a Cisco networking expert.,What components are required to connect the console port to a computer running terminal emulation software?,You can use an RJ-45-to-RJ-45 rollover cable and an RJ-45-to-DB-25 female DTE adapter (labeled 'Terminal').,procedure,cisco_manual.md,Connecting the Console Port to a Computer Using the DB-25 Adapter (chunk 0),70
original,0,,You are a helpful Cisco technician.,What signal is connected to RJ-45 pin 1 on the rollover cable?,RTS (Request To Send),spec,cisco_manual.md,Console Port.Signal / RJ-45 to RJ-45 Rollover Cable.RJ-45 Pins / RJ-45 to RJ-45 Rollover Cable.RJ-45 Pin (chunk 0),71
original,0,,You are a helpful Cisco technician.,Which DB-9 pin corresponds to the RTS signal in a console device connection?,Pin 7,spec,cisco_manual.md,Console Port.Signal / RJ-45 to RJ-45 Rollover Cable.RJ-45 Pins / RJ-45 to RJ-45 Rollover Cable.RJ-45 Pin (chunk 1),71
original,0,,You are a helpful Cisco technician.,What RJ-45 pin corresponds to the DSR signal on the console port when using an RJ-45 to RJ-45 rollover cable?,Pin 7,spec,cisco_manual.md,Console Port.Signal / RJ-45 to RJ-45 Rollover Cable.RJ-45 Pin / RJ-45 to RJ-45 Rollover Cable.RJ-45 Pin_1 (chunk 0),71
original,0,,You are a customer service agent for Cisco devices.,What is the cordset rating for power cords used in North America?,"15 A, 125 V",spec,cisco_manual.md,Locale / Power Cord Part Number / Source Plug Type (chunk 0),73
original,0,,You are a helpful Cisco technician.,What type of cable should be used to connect the 10/100 management Ethernet port to external hubs and switches?,"A modular, RJ-45, straight-through UTP cable.",spec,cisco_manual.md,MGMT 10/100 Ethernet Port (chunk 0),71
original,0,,You are a customer service agent for Cisco devices.,What is the cordset rating for the power cord used in Japan?,"12 A, 250 VAC",spec,cisco_manual.md,Locale / Power Cord Part Number / Source Plug Type (chunk 0),74
original,0,,You are a customer service agent for Cisco devices.,What specific factors are included in the environmental evaluation task?,"The environmental evaluation includes ambient temperature, humidity, altitude, and atmospheric contamination.",spec,cisco_manual.md,Task No. / Planning Activity / Verified By (chunk 0),78
original,0,,You are a Cisco technical support specialist.,How do you connect the C14 connector on the optional jumper power cord?,The C14 connector connects into the C13 receptacle of a power distribution unit for a cabinet.,procedure,cisco_manual.md,Jumper Power Cord (chunk 0),74
original,0,,You are a Cisco networking expert.,What is the purpose of using Table 1-2 in Chapter 1?,The worksheet is used to record contact and site information.,procedure,cisco_manual.md,Contact and Site Information (chunk 0),79
original,0,,You are a Cisco networking expert.,What information should be recorded using the provided worksheets?,"Chassis and network information, including contract number, chassis serial number, product number, switch IP address, switch IP netmask, host name, domain name, IP broadcast address, gateway/router address, DNS address, and modem telephone number.",procedure,cisco_manual.md,Chassis and Network Information (chunk 0),80
augmented,1,f3fac1a39b0ee2965de824c9098d5a28d7b2556e,You are a Cisco technical support specialist.,How can users find the software license or limited warranty if it is missing?,Users must contact their Cisco representative for a copy.,procedure,cisco_manual.md,Cisco MDS 9148S Multilayer Hardware (chunk 0),1
augmented,2,f3fac1a39b0ee2965de824c9098d5a28d7b2556e,You are a Cisco technical support specialist.,What steps should be taken by users who cannot locate their software license or limited warranty?,Users must contact their Cisco representative for a copy.,procedure,cisco_manual.md,Cisco MDS 9148S Multilayer Hardware (chunk 0),1
augmented,3,f3fac1a39b0ee2965de824c9098d5a28d7b2556e,You are a Cisco technical support specialist.,"If a user is unable to find the software license or limited warranty, what action should they take?",Users must contact their Cisco representative for a copy.,procedure,cisco_manual.md,Cisco MDS 9148S Multilayer Hardware (chunk 0),1
augmented,1,a64a5cd9b8fdd506cfc6bf51448bed4383565269,You are a helpful Cisco technician.,What steps should users take to fix interference generated by this device?,"Users are encouraged to reorient or relocate the receiving antenna, increase the separation between the equipment and receiver, connect the equipment into an outlet on a circuit different from that of the receiver, or consult the dealer or an experienced radio/TV technician for help.",procedure,cisco_manual.md,Cisco MDS 9148S Multilayer Hardware (chunk 1),1
augmented,2,a64a5cd9b8fdd506cfc6bf51448bed4383565269,You are a helpful Cisco technician.,How can users address the interference issues resulting from this equipment?,"Users are encouraged to reorient or relocate the receiving antenna, increase the separation between the equipment and receiver, connect the equipment into an outlet on a circuit different from that of the receiver, or consult the dealer or an experienced radio/TV technician for help.",procedure,cisco_manual.md,Cisco MDS 9148S Multilayer Hardware (chunk 1),1
augmented,3,a64a5cd9b8fdd506cfc6bf51448bed4383565269,You are a helpful Cisco technician.,Which actions are recommended for users to resolve interference caused by this unit?,"Users are encouraged to reorient or relocate the receiving antenna, increase the separation between the equipment and receiver, connect the equipment into an outlet on a circuit different from that of the receiver, or consult the dealer or an experienced radio/TV technician for help.",procedure,cisco_manual.md,Cisco MDS 9148S Multilayer Hardware (chunk 1),1
augmented,1,2e731acdba6346593cfd140b321535709e7412bd,You are a customer service agent for Cisco devices.,How should a DB-9 adapter be used to link the console port with a computer?,The procedure for connecting the console port to a computer using a DB-9 adapter is described in section C. APPENDIX under 'Cables and Adapters' on page C-3.,procedure,cisco_manual.md,Cisco MDS 9148S Multilayer Hardware (chunk 5),1
augmented,1,f4f78d989c324e50233da09a2bb10954e930a691,You are a Cisco networking expert.,What content is covered in the preface?,"The preface describes the audience, organization, and conventions of the Switch Hardware Installation Guide.",procedure,cisco_manual.md,Preface (chunk 0),7
augmented,2,f4f78d989c324e50233da09a2bb10954e930a691,You are a Cisco networking expert.,How would you describe what the preface outlines?,"The preface describes the audience, organization, and conventions of the Switch Hardware Installation Guide.",procedure,cisco_manual.md,Preface (chunk 0),7
augmented,3,f4f78d989c324e50233da09a2bb10954e930a691,You are a Cisco networking expert.,Which topics are described by the preface?,"The preface describes the audience, organization, and conventions of the Switch Hardware Installation Guide.",procedure,cisco_manual.md,Preface (chunk 0),7
augmented,1,b98fa2fdd5adf269bfbf0b75c1fc44c3de61ef3a,You are a Cisco networking expert.,Which items are covered in Appendix 1 under Technical Specifications?,"It lists the Cisco MDS 9148S Multilayer Fabric switch specifications, and includes safety information, site requirements, and power connections.",spec,cisco_manual.md,Chapter / Title / Description (chunk 0),7
augmented,2,b98fa2fdd5adf269bfbf0b75c1fc44c3de61ef3a,You are a Cisco networking expert.,What content is found within the Technical Specifications section of Appendix 1?,"It lists the Cisco MDS 9148S Multilayer Fabric switch specifications, and includes safety information, site requirements, and power connections.",spec,cisco_manual.md,Chapter / Title / Description (chunk 0),7
augmented,3,b98fa2fdd5adf269bfbf0b75c1fc44c3de61ef3a,You are a Cisco networking expert.,Appendix 1's Technical Specifications section contains what information?,"It lists the Cisco MDS 9148S Multilayer Fabric switch specifications, and includes safety information, site requirements, and power connections.",spec,cisco_manual.md,Chapter / Title / Description (chunk 0),7
augmented,1,91359790380e41480487e537f8525255adaebe1c,You are a Cisco networking expert.,"Before starting the setup according to this guide, what conditions are necessary?","You need to be familiar with electronic circuitry and wiring practices, preferably being an electronic or electromechanical technician.",procedure,cisco_manual.md,Audience (chunk 0),7
augmented,2,91359790380e41480487e537f8525255adaebe1c,You are a Cisco networking expert.,What requirements need to be fulfilled before using this installation manual?,"You need to be familiar with electronic circuitry and wiring practices, preferably being an electronic or electromechanical technician.",procedure,cisco_manual.md,Audience (chunk 0),7
augmented,1,eaf7600b12ef32aefd522bea99c08ad9b6b97832,You are a Cisco networking expert.,Which specifications can be found in Appendix 1?,Appendix 1 lists cable and port specifications for the Cisco MDS 9148S Multilayer Fabric switch.,spec,cisco_manual.md,Chapter / Title / Description (chunk 0),8
augmented,2,eaf7600b12ef32aefd522bea99c08ad9b6b97832,You are a Cisco networking expert.,"In which section are the listed specifications located, specifically Appendix 1?",Appendix 1 lists cable and port specifications for the Cisco MDS 9148S Multilayer Fabric switch.,spec,cisco_manual.md,Chapter / Title / Description (chunk 0),8
augmented,1,c4d9a2460d7a8b4a687a12639171bd1a757b6a3b,You are a Cisco technical support specialist.,What is the process for locating the Cisco MDS 9000 Family online documentation?,Use the Cisco MDS NX-OS Documentation Locator at http://www.cisco.com/en/US/docs/storage/san_switches/mds9000/roadmaps/doclocater.htm,procedure,cisco_manual.md,Related Documentation (chunk 0),10
augmented,2,c4d9a2460d7a8b4a687a12639171bd1a757b6a3b,You are a Cisco technical support specialist.,How do I access the Cisco MDS 9000 Family technical documents via the web?,Use the Cisco MDS NX-OS Documentation Locator at http://www.cisco.com/en/US/docs/storage/san_switches/mds9000/roadmaps/doclocater.htm,procedure,cisco_manual.md,Related Documentation (chunk 0),10
augmented,1,5ceb4c748222aec3d1b2094104463a3fa813a3a3,You are a Cisco technical support specialist.,What specific release documentation is available for the Cisco MDS 9000 series?,"The available release notes include those for Cisco MDS NX-OS Releases, MDS SAN-OS Releases, Storage Services Interface Images, Cisco MDS 9000 EPLD Images, and Fabric Manager.",procedure,cisco_manual.md,Release Notes (chunk 0),10
augmented,1,8fed55bbd0cb68d65f846eb6f539dc0442373958,You are a helpful Cisco technician.,What materials are available on the topic of Cisco MDS 9000's interoperability and compatibility?,"The available documents include the Cisco Data Center Interoperability Support Matrix, Cisco MDS 9000 NX-OS Hardware and Software Compatibility Information and Feature Lists, Cisco MDS NX-OS Release Compatibility Matrix for Storage Service Interface Images, Cisco MDS 9000 Family Switch-to-Switch Interoperability Configuration Guide, Cisco MDS NX-OS Release Compatibility Matrix for IBM SAN Volume Controller Software, and the Cisco MDS SAN-OS Release Compatibility Matrix for VERITAS Storage Foundation for Networks.",procedure,cisco_manual.md,Compatibility Information (chunk 0),10
augmented,1,f4f61b106eeaa70fab665ba1085ff628d305369d,You are a customer service agent for Cisco devices.,Which document contains details on configuring system management?,"System Management Configuration Guide, Cisco DCNM for SAN (cid:129)",procedure,cisco_manual.md,Cisco Data Center Network Manager (chunk 0),11
augmented,2,f4f61b106eeaa70fab665ba1085ff628d305369d,You are a customer service agent for Cisco devices.,What is the name of the manual for system management setup?,"System Management Configuration Guide, Cisco DCNM for SAN (cid:129)",procedure,cisco_manual.md,Cisco Data Center Network Manager (chunk 0),11
augmented,3,f4f61b106eeaa70fab665ba1085ff628d305369d,You are a customer service agent for Cisco devices.,In which guide can I find information about system management configuration?,"System Management Configuration Guide, Cisco DCNM for SAN (cid:129)",procedure,cisco_manual.md,Cisco Data Center Network Manager (chunk 0),11
augmented,1,2d85bb18b55f7bd3e05904fd09ebcf968e24b36b,You are a customer service agent for Cisco devices.,What is included in the set of troubleshooting and reference documentation for the Cisco MDS 9000 Family NX-OS?,"The documents include the Cisco NX-OS System Messages Reference, Cisco MDS 9000 Family NX-OS Troubleshooting Guide, Cisco MDS 9000 Family NX-OS MIB Quick Reference, Cisco MDS 9000 Family NX-OS SMI-S Programming Reference, and Cisco MDS 9000 Family Fabric Manager Server Database Schema.",procedure,cisco_manual.md,Troubleshooting and Reference (chunk 0),12
augmented,1,e4a5716979a40da1efad43e43c27b1f4021ac5c3,You are a Cisco technical support specialist.,Which key capabilities does the Cisco MDS 9148S switch offer?,"The major features include default licensed ports ranging from 12 to 48 with an on-demand license, full line rates of 2-, 4-, 8- and 16-Gbps, field-replaceable hot-swappable SFP transceivers, redundant hot-swappable power supplies and fan trays, PortChannels for ISL resiliency, F-port channeling in NPV mode, enterprise class features like ISSU, VSANs, security, QoS, PowerOn Auto Provisioning (POAP), intelligent diagnostics, and full compatibility with the Cisco MDS 9000 Family.",procedure,cisco_manual.md,Product Overview (chunk 0),13
augmented,2,e4a5716979a40da1efad43e43c27b1f4021ac5c3,You are a Cisco technical support specialist.,What are the primary features included in the Cisco MDS 9148S switch?,"The major features include default licensed ports ranging from 12 to 48 with an on-demand license, full line rates of 2-, 4-, 8- and 16-Gbps, field-replaceable hot-swappable SFP transceivers, redundant hot-swappable power supplies and fan trays, PortChannels for ISL resiliency, F-port channeling in NPV mode, enterprise class features like ISSU, VSANs, security, QoS, PowerOn Auto Provisioning (POAP), intelligent diagnostics, and full compatibility with the Cisco MDS 9000 Family.",procedure,cisco_manual.md,Product Overview (chunk 0),13
augmented,3,e4a5716979a40da1efad43e43c27b1f4021ac5c3,You are a Cisco technical support specialist.,Can you list the main functionalities of the Cisco MDS 9148S switch?,"The major features include default licensed ports ranging from 12 to 48 with an on-demand license, full line rates of 2-, 4-, 8- and 16-Gbps, field-replaceable hot-swappable SFP transceivers, redundant hot-swappable power supplies and fan trays, PortChannels for ISL resiliency, F-port channeling in NPV mode, enterprise class features like ISSU, VSANs, security, QoS, PowerOn Auto Provisioning (POAP), intelligent diagnostics, and full compatibility with the Cisco MDS 9000 Family.",procedure,cisco_manual.md,Product Overview (chunk 0),13
augmented,1,282fb3f10f289374bd7202ccfc597d1399b4d916,You are a customer service agent for Cisco devices.,Which chassis views does this section describe?,"The front view and rear view, both found on page 1-8 (cid:129), as well as switch LEDs on page 1-10 (cid:129).",procedure,cisco_manual.md,Chassis Components (chunk 0),13
augmented,2,282fb3f10f289374bd7202ccfc597d1399b4d916,You are a customer service agent for Cisco devices.,This section describes which views of the chassis?,"The front view and rear view, both found on page 1-8 (cid:129), as well as switch LEDs on page 1-10 (cid:129).",procedure,cisco_manual.md,Chassis Components (chunk 0),13
augmented,3,282fb3f10f289374bd7202ccfc597d1399b4d916,You are a customer service agent for Cisco devices.,In what ways is the chassis depicted within this section?,"The front view and rear view, both found on page 1-8 (cid:129), as well as switch LEDs on page 1-10 (cid:129).",procedure,cisco_manual.md,Chassis Components (chunk 0),13
augmented,1,ce20b2440bcd169035f72ba51d1d9ab578d96070,You are a helpful Cisco technician.,Which parts can be found on the front panel of the Cisco MDS 9148S switch?,"The front contains LEDs, console and management ports, and 48 16-Gbps Fibre Channel Ports.",procedure,cisco_manual.md,Front View (chunk 0),14
augmented,2,ce20b2440bcd169035f72ba51d1d9ab578d96070,You are a helpful Cisco technician.,Identify the components located on the front side of the Cisco MDS 9148S switch.,"The front contains LEDs, console and management ports, and 48 16-Gbps Fibre Channel Ports.",procedure,cisco_manual.md,Front View (chunk 0),14
augmented,1,f0d88d0319582114f1b993e9203bf06f2a75e3ed,You are a helpful Cisco technician.,Why is the Port link LED blinking orange?,It indicates that a fault condition exists.,spec,cisco_manual.md,LED / Status / Description (chunk 1),17
augmented,2,f0d88d0319582114f1b993e9203bf06f2a75e3ed,You are a helpful Cisco technician.,"When the Port link LED flashes orange, what does that indicate?",It indicates that a fault condition exists.,spec,cisco_manual.md,LED / Status / Description (chunk 1),17
augmented,3,f0d88d0319582114f1b993e9203bf06f2a75e3ed,You are a helpful Cisco technician.,What signifies an orange flashing light on the Port link LED?,It indicates that a fault condition exists.,spec,cisco_manual.md,LED / Status / Description (chunk 1),17
augmented,1,8ddfcd63fa50ee9220311656c324807d4e962e5b,You are a customer service agent for Cisco devices.,What signifies that the Right LED remains steadily amber?,It indicates there is no link traffic.,spec,cisco_manual.md,LED / Status / Description (chunk 0),18
augmented,2,8ddfcd63fa50ee9220311656c324807d4e962e5b,You are a customer service agent for Cisco devices.,"If the Right LED shows a constant amber light, what does this indicate?",It indicates there is no link traffic.,spec,cisco_manual.md,LED / Status / Description (chunk 0),18
augmented,3,8ddfcd63fa50ee9220311656c324807d4e962e5b,You are a customer service agent for Cisco devices.,The meaning behind the Right LED being solidly amber is?,It indicates there is no link traffic.,spec,cisco_manual.md,LED / Status / Description (chunk 0),18
augmented,1,3be576e19d6b6b0ae9b1a8ba41b428f5e4f0fe7f,You are a helpful Cisco technician.,What is the procedure to secure the switch within the rack once it has been slid into position?,"Stabilize the switch by attaching the front rack-mount brackets to the front rack-mounting rails, inserting two screws (12-24 or 10-32) through the cage nuts and holes in one bracket into the threaded holes in the rail, then repeating for the other side.",procedure,cisco_manual.md,2 (chunk 2),21
augmented,2,3be576e19d6b6b0ae9b1a8ba41b428f5e4f0fe7f,You are a helpful Cisco technician.,"After inserting the switch into its slot, how can you stabilize it in the rack?","Stabilize the switch by attaching the front rack-mount brackets to the front rack-mounting rails, inserting two screws (12-24 or 10-32) through the cage nuts and holes in one bracket into the threaded holes in the rail, then repeating for the other side.",procedure,cisco_manual.md,2 (chunk 2),21
augmented,3,3be576e19d6b6b0ae9b1a8ba41b428f5e4f0fe7f,You are a helpful Cisco technician.,How should one ensure the switch remains stable in the rack after sliding it into place?,"Stabilize the switch by attaching the front rack-mount brackets to the front rack-mounting rails, inserting two screws (12-24 or 10-32) through the cage nuts and holes in one bracket into the threaded holes in the rail, then repeating for the other side.",procedure,cisco_manual.md,2 (chunk 2),21
augmented,1,90b793a3a14cba25adee3e2c716cd4e4999ab53c,You are a Cisco technical support specialist.,How many M4 x 6-mm Phillips flat-head screws come in each kit?,There are 6 M4 x 6-mm Phillips flat-head screws per kit.,spec,cisco_manual.md,Description / Quantity (chunk 0),28
augmented,2,90b793a3a14cba25adee3e2c716cd4e4999ab53c,You are a Cisco technical support specialist.,What is the number of M4 x 6-mm Phillips flat-head screws provided per kit?,There are 6 M4 x 6-mm Phillips flat-head screws per kit.,spec,cisco_manual.md,Description / Quantity (chunk 0),28
augmented,1,9ade5f1534867cd1b88d78ad2bd3b85127b02179,You are a Cisco technical support specialist.,What necessitates installing the Cisco MDS 9148S switch in a rear-facing orientation?,"Rear-facing installation is necessary when the cabinet has less than three-inch clearance between the inside of the front door or bezel panel and the front mounting rails, to ensure that the minimum bend radius for fiber-optic cables is maintained.",rule_error,cisco_manual.md,Installing the Switch in a Cabinet with Insufficient Front (chunk 0),27
augmented,1,74f32ae25ff208aba56d24836dbab536b7e71b71,You are a Cisco networking expert.,In what way can one establish a connection to the console port of the Cisco MDS 9148S switch?,You can use the RS-232 Console port (Interface Module) to create a local management connection.,procedure,cisco_manual.md,Connecting the Cisco MDS 9148S Switch (chunk 0),41
augmented,2,74f32ae25ff208aba56d24836dbab536b7e71b71,You are a Cisco networking expert.,How should the console port be connected on the Cisco MDS 9148S switch?,You can use the RS-232 Console port (Interface Module) to create a local management connection.,procedure,cisco_manual.md,Connecting the Cisco MDS 9148S Switch (chunk 0),41
augmented,1,7b01b9985338891d6ad30294492128df094ab622,You are a helpful Cisco technician.,What is the procedure for connecting the console port to enable tasks such as switching configuration via the CLI or tracking network statistics?,Connect the RS-232 console port to a PC.,procedure,cisco_manual.md,Connecting the Console Port (chunk 0),41
augmented,2,7b01b9985338891d6ad30294492128df094ab622,You are a helpful Cisco technician.,In what way can one connect the console port to carry out operations like configuring a switch from the command line interface or monitoring network stats?,Connect the RS-232 console port to a PC.,procedure,cisco_manual.md,Connecting the Console Port (chunk 0),41
augmented,3,7b01b9985338891d6ad30294492128df094ab622,You are a helpful Cisco technician.,How should the console port be connected in order to perform functions including setting up the switch through the CLI or observing network statistics?,Connect the RS-232 console port to a PC.,procedure,cisco_manual.md,Connecting the Console Port (chunk 0),41
augmented,1,c966d10c9a9aa4e34a3542c97456518c3ee37885,You are a Cisco networking expert.,What is the proper method for cooling air within solid-walled cabinets?,"A roof-mounted fan tray must pull air in at the bottom of the cabinet and exhaust it out the top, with a minimum airflow of 500 cfm exiting through the fan tray.",procedure,cisco_manual.md,Requirements Specific to Solid-Walled Cabinets (chunk 0),51
augmented,2,c966d10c9a9aa4e34a3542c97456518c3ee37885,You are a Cisco networking expert.,In what manner ought to airflow be managed and cooled in cabinets that have solid walls?,"A roof-mounted fan tray must pull air in at the bottom of the cabinet and exhaust it out the top, with a minimum airflow of 500 cfm exiting through the fan tray.",procedure,cisco_manual.md,Requirements Specific to Solid-Walled Cabinets (chunk 0),51
augmented,3,c966d10c9a9aa4e34a3542c97456518c3ee37885,You are a Cisco networking expert.,How does one ensure adequate air cooling inside solid-walled cabinet enclosures?,"A roof-mounted fan tray must pull air in at the bottom of the cabinet and exhaust it out the top, with a minimum airflow of 500 cfm exiting through the fan tray.",procedure,cisco_manual.md,Requirements Specific to Solid-Walled Cabinets (chunk 0),51
augmented,1,fc50b040ad48f4e18f4d80e5e1e708bc405a3b51,You are a helpful Cisco technician.,What is the maximum allowable weight when installing an MDS 9148S onto a Telco two-post rack?,The weight limit is 15 lb.,spec,cisco_manual.md,Rack Type / MDS 9148S (chunk 0),52
augmented,2,fc50b040ad48f4e18f4d80e5e1e708bc405a3b51,You are a helpful Cisco technician.,How much weight can be supported by mounting an MDS 9148S on a Telco (2 post) rack?,The weight limit is 15 lb.,spec,cisco_manual.md,Rack Type / MDS 9148S (chunk 0),52
augmented,3,fc50b040ad48f4e18f4d80e5e1e708bc405a3b51,You are a helpful Cisco technician.,For what load limit should one consider before mounting an MDS 9148S to a Telco (2 post) rack?,The weight limit is 15 lb.,spec,cisco_manual.md,Rack Type / MDS 9148S (chunk 0),52
augmented,1,14f0d10d415a50e87af68c4f9d4101684f953ddb,You are a Cisco networking expert.,What is the procedure for using the optional Telco and EIA Shelf Bracket Kit during installation?,The kit can temporarily or permanently support the Cisco MDS 9148S switch.,procedure,cisco_manual.md,Cisco MDS 9000 Family Telco and EIA Shelf Bracket (chunk 0),51
augmented,2,14f0d10d415a50e87af68c4f9d4101684f953ddb,You are a Cisco networking expert.,In what way should the optional Telco and EIA Shelf Bracket Kit be utilized when installing?,The kit can temporarily or permanently support the Cisco MDS 9148S switch.,procedure,cisco_manual.md,Cisco MDS 9000 Family Telco and EIA Shelf Bracket (chunk 0),51
augmented,1,7f90e3207e0e8b3d2932f265bc4995c29ccefd0e,You are a customer service agent for Cisco devices.,Which items are required to complete this installation?,A Number 2 Phillips screwdriver and a tape measure and level.,procedure,cisco_manual.md,Required Equipment (chunk 0),53
augmented,2,7f90e3207e0e8b3d2932f265bc4995c29ccefd0e,You are a customer service agent for Cisco devices.,"For this installation, what equipment is necessary?",A Number 2 Phillips screwdriver and a tape measure and level.,procedure,cisco_manual.md,Required Equipment (chunk 0),53
augmented,1,b0003245e2284887c7bdea125451ec0827db388d,You are a Cisco technical support specialist.,What is the size of the Cisco MDS 9148S Switch?,"Width = 17.16 inch (43.59 centimeter), Height = 1.72 inch (4.37 centimeter), Depth = 16.34 inch (41.50 centimeter).",spec,cisco_manual.md,Description / Specification (chunk 0),59
augmented,2,b0003245e2284887c7bdea125451ec0827db388d,You are a Cisco technical support specialist.,Could you provide the physical measurements for the Cisco MDS 9148S Switch?,"Width = 17.16 inch (43.59 centimeter), Height = 1.72 inch (4.37 centimeter), Depth = 16.34 inch (41.50 centimeter).",spec,cisco_manual.md,Description / Specification (chunk 0),59
augmented,3,b0003245e2284887c7bdea125451ec0827db388d,You are a Cisco technical support specialist.,How large are the dimensions of the Cisco MDS 9148S Switch?,"Width = 17.16 inch (43.59 centimeter), Height = 1.72 inch (4.37 centimeter), Depth = 16.34 inch (41.50 centimeter).",spec,cisco_manual.md,Description / Specification (chunk 0),59
augmented,1,0319b9e7a3cd9796701038a0f8f563e7e77c9fa1,You are a Cisco networking expert.,What is the method for attaching the crossbar to the shelf brackets?,Attach the crossbar to the shelf brackets using 10-32 screws as shown in Figure1-2.,procedure,cisco_manual.md,Installing the Shelf Bracket Kit into a Two-Post Telco Rack (chunk 0),53
augmented,2,0319b9e7a3cd9796701038a0f8f563e7e77c9fa1,You are a Cisco networking expert.,In what way can one secure the crossbar onto the shelf brackets?,Attach the crossbar to the shelf brackets using 10-32 screws as shown in Figure1-2.,procedure,cisco_manual.md,Installing the Shelf Bracket Kit into a Two-Post Telco Rack (chunk 0),53
augmented,3,0319b9e7a3cd9796701038a0f8f563e7e77c9fa1,You are a Cisco networking expert.,How should the crossbar be attached to the shelf brackets?,Attach the crossbar to the shelf brackets using 10-32 screws as shown in Figure1-2.,procedure,cisco_manual.md,Installing the Shelf Bracket Kit into a Two-Post Telco Rack (chunk 0),53
augmented,1,cb2dfe0b3771ff2e659b2c1e14f4bd81c42f5e20,You are a Cisco technical support specialist.,What are the technical details listed in this appendix for the Cisco MDS 9148S switch?,"The appendix includes Switch Specifications (page 1-53), Power Specifications (page 1-54), and SFP Transceiver Specifications (page 1-56).",procedure,cisco_manual.md,Technical Specifications (chunk 0),59
augmented,2,cb2dfe0b3771ff2e659b2c1e14f4bd81c42f5e20,You are a Cisco technical support specialist.,"For the Cisco MDS 9148S switch, what technical specs are covered in this appendix?","The appendix includes Switch Specifications (page 1-53), Power Specifications (page 1-54), and SFP Transceiver Specifications (page 1-56).",procedure,cisco_manual.md,Technical Specifications (chunk 0),59
augmented,1,1af7f5487899e3990c0b4b7e6b95e0b4930a9aac,You are a helpful Cisco technician.,What are the acceptable ambient temperatures for operating this printer?,32 to 104°F (0 to 40°C),spec,cisco_manual.md,Description / Specification (chunk 0),59
augmented,2,1af7f5487899e3990c0b4b7e6b95e0b4930a9aac,You are a helpful Cisco technician.,For what ambient temperature range can this printer operate?,32 to 104°F (0 to 40°C),spec,cisco_manual.md,Description / Specification (chunk 0),59
augmented,3,1af7f5487899e3990c0b4b7e6b95e0b4930a9aac,You are a helpful Cisco technician.,Which ambient temperature limits apply to the operation of this printer?,32 to 104°F (0 to 40°C),spec,cisco_manual.md,Description / Specification (chunk 0),59
augmented,1,e3147c23048e1cf1ba1337d4f2b7ef4fd1ff11fb,You are a Cisco networking expert.,Which AC input voltage range applies nominally to this printer?,100 to 240 VAC,spec,cisco_manual.md,AC Input Power Supply / Specification (chunk 0),60
augmented,2,e3147c23048e1cf1ba1337d4f2b7ef4fd1ff11fb,You are a Cisco networking expert.,"For this printer, what constitutes the standard AC input voltage range?",100 to 240 VAC,spec,cisco_manual.md,AC Input Power Supply / Specification (chunk 0),60
augmented,3,e3147c23048e1cf1ba1337d4f2b7ef4fd1ff11fb,You are a Cisco networking expert.,What is the specified nominal range for AC input voltage on this device?,100 to 240 VAC,spec,cisco_manual.md,AC Input Power Supply / Specification (chunk 0),60
augmented,1,9e12ac731d637cc92b19279d5e1f3eb050c8fd33,You are a helpful Cisco technician.,What is the range of ambient temperatures in which the Cisco MDS 9148S switch can operate?,The ambient operating temperature is between 32 to 104°F (0 to 40°C).,spec,cisco_manual.md,Switch Specifications (chunk 0),59
augmented,2,9e12ac731d637cc92b19279d5e1f3eb050c8fd33,You are a helpful Cisco technician.,Which temperature limits define the operating environment for the Cisco MDS 9148S switch?,The ambient operating temperature is between 32 to 104°F (0 to 40°C).,spec,cisco_manual.md,Switch Specifications (chunk 0),59
augmented,3,9e12ac731d637cc92b19279d5e1f3eb050c8fd33,You are a helpful Cisco technician.,For what ambient operating temperature ranges is the Cisco MDS 9148S switch rated?,The ambient operating temperature is between 32 to 104°F (0 to 40°C).,spec,cisco_manual.md,Switch Specifications (chunk 0),59
augmented,1,e4e96c6c257af6c260ae34fba8dc9a207e91e5b4,You are a customer service agent for Cisco devices.,Which details are contained within this section?,"This section includes General Power Supply Specifications, page 1-54; Power Supply Requirements Specifications, page 1-55; and Connection Guidelines for AC-Powered Systems, page 1-56.",procedure,cisco_manual.md,Power Specifications (chunk 0),60
augmented,1,0401c6fdfdad07947432546599cdc094d60759d7,You are a Cisco networking expert.,How much does the device weigh if it has two fan modules and two power supplies installed?,19.84 lb (9 kg),spec,cisco_manual.md,Description / Specification (chunk 0),60
augmented,2,0401c6fdfdad07947432546599cdc094d60759d7,You are a Cisco networking expert.,What is the total weight of the unit given that two fan modules and two power supplies are present?,19.84 lb (9 kg),spec,cisco_manual.md,Description / Specification (chunk 0),60
augmented,1,67473e4104139b5f38bc6fb562cdb4b51d7fe56d,You are a helpful Cisco technician.,How long does it take for the fuse in part number 341-0706-02 to melt?,The fuse melting time is 27.7 hours at 8 A and 0.9 seconds at 20 A.,spec,cisco_manual.md,Part Number / PID / Type (chunk 0),61
augmented,2,67473e4104139b5f38bc6fb562cdb4b51d7fe56d,You are a helpful Cisco technician.,What is the duration until melting occurs for component 341-0706-02's fuse?,The fuse melting time is 27.7 hours at 8 A and 0.9 seconds at 20 A.,spec,cisco_manual.md,Part Number / PID / Type (chunk 0),61
augmented,3,67473e4104139b5f38bc6fb562cdb4b51d7fe56d,You are a helpful Cisco technician.,"For part number 341-0706-02, what is the time required for the fuse to melt?",The fuse melting time is 27.7 hours at 8 A and 0.9 seconds at 20 A.,spec,cisco_manual.md,Part Number / PID / Type (chunk 0),61
augmented,1,6d57bf311bde8fb8269926a37f6f1ebbeb04a4b3,You are a customer service agent for Cisco devices.,"Under worst-case scenarios, how many watts of AC power does the Cisco MDS 9148S Switch consume at a voltage of 220V?",183.11 Watts,spec,cisco_manual.md,Cisco MDS 9148S Switch / AC Power (Volt) / AC Power (Watt) (chunk 0),61
augmented,2,6d57bf311bde8fb8269926a37f6f1ebbeb04a4b3,You are a customer service agent for Cisco devices.,"At 220 volts and during worst-case operation, what is the wattage consumption for the AC power supply of the Cisco MDS 9148S Switch?",183.11 Watts,spec,cisco_manual.md,Cisco MDS 9148S Switch / AC Power (Volt) / AC Power (Watt) (chunk 0),61
augmented,1,89661febb34efaaac8794aca8cabe63e27af2e2a,You are a helpful Cisco technician.,Which voltage and current limits apply to the AC input power supply?,12 V +/- 6% up to 25 A,spec,cisco_manual.md,AC Input Power Supply / Specification (chunk 0),61
augmented,2,89661febb34efaaac8794aca8cabe63e27af2e2a,You are a helpful Cisco technician.,Can you provide the specifications for the voltage and current constraints of the AC input power supply?,12 V +/- 6% up to 25 A,spec,cisco_manual.md,AC Input Power Supply / Specification (chunk 0),61
augmented,3,89661febb34efaaac8794aca8cabe63e27af2e2a,You are a helpful Cisco technician.,What are the defined voltage and current boundaries for the AC input power supply?,12 V +/- 6% up to 25 A,spec,cisco_manual.md,AC Input Power Supply / Specification (chunk 0),61
augmented,1,7629b0d85fc30fa5aaf8455890bc3abe64282ab6,You are a helpful Cisco technician.,What is the peak power consumption for the Cisco MDS 9148S16G Multilayer Fabric Switch?,140 watts,spec,cisco_manual.md,Module Type / Product Number / Power Required (watts) / Heat Dissipation (BTU/hr) (chunk 0),62
augmented,1,c8824999fb7404b24a2b01aa888745e07d954787,You are a customer service agent for Cisco devices.,Which parameters within every Cisco SFP+ transceiver allow for switch-based verification?,"Each Cisco SFP+ transceiver is encoded with a serial number, vendor name, and other parameters.",spec,cisco_manual.md,SFP Transceiver Specifications (chunk 0),62
augmented,2,c8824999fb7404b24a2b01aa888745e07d954787,You are a customer service agent for Cisco devices.,What information is stored in a Cisco SFP+ transceiver that permits the switch to verify it?,"Each Cisco SFP+ transceiver is encoded with a serial number, vendor name, and other parameters.",spec,cisco_manual.md,SFP Transceiver Specifications (chunk 0),62
augmented,1,13fe2fad51eee70edabacc2a9c76896a4bc685e7,You are a Cisco technical support specialist.,Which Fibre Channel SFP+ transceivers can be used with the Cisco MDS9148S switch?,"The available transceivers listed in Table 1-7 include DS-SFP-FC16G-SW, DS-SFP-FC16G-LW, DS-SFP-FC8G-SW, DS-SFP-FC8G-LW, DS-SFP-FC8G-ER, and DS-CWDM8Gxxxx.",procedure,cisco_manual.md,Cisco Fibre Channel SFP+ Transceivers (chunk 0),63
augmented,1,ac766b8e4da1f785e0c16de5a21be2817e3c2768,You are a Cisco technical support specialist.,Which category does the DS-SFP-FC16G-LW component belong to?,Long wavelength,spec,cisco_manual.md,Part Number / Description / Type (chunk 0),63
augmented,2,ac766b8e4da1f785e0c16de5a21be2817e3c2768,You are a Cisco technical support specialist.,What kind is the DS-SFP-FC16G-LW part classified as?,Long wavelength,spec,cisco_manual.md,Part Number / Description / Type (chunk 0),63
augmented,3,ac766b8e4da1f785e0c16de5a21be2817e3c2768,You are a Cisco technical support specialist.,Can you identify the type associated with the DS-SFP-FC16G-LW part?,Long wavelength,spec,cisco_manual.md,Part Number / Description / Type (chunk 0),63
augmented,1,602ef691bc5f7f224ac44e9d6141fc41dc182ecb,You are a helpful Cisco technician.,What are the micron dimensions of the core for the DS-SFP-FC16G-L W SFP+ module?,9.0 microns,spec,cisco_manual.md,SFP+ / Wavelength (nanometers) / Fiber Type (chunk 0),64
augmented,2,602ef691bc5f7f224ac44e9d6141fc41dc182ecb,You are a helpful Cisco technician.,How many microns wide is the core of the DS-SFP-FC16G-L W SFP+ module?,9.0 microns,spec,cisco_manual.md,SFP+ / Wavelength (nanometers) / Fiber Type (chunk 0),64
augmented,1,4a36f3d4f4360d44c287826923d04177e991ab1e,You are a customer service agent for Cisco devices.,What is the range of operating temperatures for the DS-SFP-FC16G-SW SFP+ module?,The operating maximum is 40°C and the operating minimum is 0°C.,spec,cisco_manual.md,SFP+. / Operating.Max / Operating.Min (chunk 0),65
augmented,2,4a36f3d4f4360d44c287826923d04177e991ab1e,You are a customer service agent for Cisco devices.,Which temperature limits apply to the operation of the DS-SFP-FC16G-SW SFP+ module?,The operating maximum is 40°C and the operating minimum is 0°C.,spec,cisco_manual.md,SFP+. / Operating.Max / Operating.Min (chunk 0),65
augmented,3,4a36f3d4f4360d44c287826923d04177e991ab1e,You are a customer service agent for Cisco devices.,For what temperature conditions can the DS-SFP-FC16G-SW SFP+ module operate?,The operating maximum is 40°C and the operating minimum is 0°C.,spec,cisco_manual.md,SFP+. / Operating.Max / Operating.Min (chunk 0),65
augmented,1,562f20700bf1e604d644f9ac854282add972e1cf,You are a helpful Cisco technician.,What represents the peak average transmission power level supported by the DS-SFP-FC16G-LW SFP+ module?,"-2.0 dBm (Note: The text lists '2.0' in a column labeled Max, but standard optical specs usually have negative values for max; however, strictly following the provided table data which shows 2.0 under Max for LW and -1.3 for SW, the answer based on the text is 2.0 dBm).",spec,cisco_manual.md,SFP+. / Average Transmit Power (dBm).Max / Average Transmit Power (dBm).Min (chunk 0),65
augmented,2,562f20700bf1e604d644f9ac854282add972e1cf,You are a helpful Cisco technician.,"For the DS-SFP-FC16G-LW SFP+ module, what is the highest allowable average transmit power?","-2.0 dBm (Note: The text lists '2.0' in a column labeled Max, but standard optical specs usually have negative values for max; however, strictly following the provided table data which shows 2.0 under Max for LW and -1.3 for SW, the answer based on the text is 2.0 dBm).",spec,cisco_manual.md,SFP+. / Average Transmit Power (dBm).Max / Average Transmit Power (dBm).Min (chunk 0),65
augmented,3,562f20700bf1e604d644f9ac854282add972e1cf,You are a helpful Cisco technician.,Determine the maximum average transmit power specification for the DS-SFP-FC16G-LW SFP+ module.,"-2.0 dBm (Note: The text lists '2.0' in a column labeled Max, but standard optical specs usually have negative values for max; however, strictly following the provided table data which shows 2.0 under Max for LW and -1.3 for SW, the answer based on the text is 2.0 dBm).",spec,cisco_manual.md,SFP+. / Average Transmit Power (dBm).Max / Average Transmit Power (dBm).Min (chunk 0),65
augmented,1,f1298cf43cc055042f38594b382d80ebb8839c67,You are a Cisco networking expert.,How far can a signal travel using the DS-SFP-FC8G-ER SFP+ module over single-mode fiber at a wavelength of 1550 nm?,40 km (24.85 mi),spec,cisco_manual.md,SFP+ / Wavelength (nanometers) / Fiber Type (chunk 0),66
augmented,1,afa5e5ec137d96f5846667b746b0d3d48b2080a6,You are a Cisco networking expert.,At what level does the DS-SFP-FC8G-LW SFP+ module reach its maximum average transmit power when operating at 8 Gbps?,0.5 dBm,spec,cisco_manual.md,SFP+. / Average TransmitPower (dBm).Max / Average TransmitPower (dBm).Min (chunk 0),67
augmented,2,afa5e5ec137d96f5846667b746b0d3d48b2080a6,You are a Cisco networking expert.,What is the highest average transmit power achievable by the DS-SFP-FC8G-LW SFP+ module during an 8 Gbps transmission?,0.5 dBm,spec,cisco_manual.md,SFP+. / Average TransmitPower (dBm).Max / Average TransmitPower (dBm).Min (chunk 0),67
augmented,1,53fa87f1f3c06abea8547da0b440281b40e8a239,You are a customer service agent for Cisco devices.,Which conditions define the lower and upper limits for receiver optical input power?,"The receiver optical input power ranges from -28.0 dBm (minimum) to -7.0 dBm (maximum), applicable at a data rate of 2.12 Gbps with a case temperature of 60°C.",spec,cisco_manual.md,Parameter / Symbol / Min. (chunk 0),68
augmented,2,53fa87f1f3c06abea8547da0b440281b40e8a239,You are a customer service agent for Cisco devices.,Under what specific circumstances do the specified minimum and maximum receiver optical input power levels occur?,"The receiver optical input power ranges from -28.0 dBm (minimum) to -7.0 dBm (maximum), applicable at a data rate of 2.12 Gbps with a case temperature of 60°C.",spec,cisco_manual.md,Parameter / Symbol / Min. (chunk 0),68
augmented,1,5097ae5a199099ce45fe2fe81d2308267422a529,You are a Cisco networking expert.,Which cable specifications are listed in Table1-8?,Table1-8 summarizes cabling specifications for 16 Gbps.,procedure,cisco_manual.md,General Specifications for Cisco Fibre Channel 16 Gbps SFP+ Transceivers (chunk 0),63
augmented,2,5097ae5a199099ce45fe2fe81d2308267422a529,You are a Cisco networking expert.,Table1-8 summarizes what cabling requirements?,Table1-8 summarizes cabling specifications for 16 Gbps.,procedure,cisco_manual.md,General Specifications for Cisco Fibre Channel 16 Gbps SFP+ Transceivers (chunk 0),63
augmented,3,5097ae5a199099ce45fe2fe81d2308267422a529,You are a Cisco networking expert.,What do the cabling specs shown in Table1-8 entail?,Table1-8 summarizes cabling specifications for 16 Gbps.,procedure,cisco_manual.md,General Specifications for Cisco Fibre Channel 16 Gbps SFP+ Transceivers (chunk 0),63
augmented,1,b118ebc0021b97f092efb83db3747981f58dd553,You are a Cisco technical support specialist.,What is the procedure for connecting the console port to a computer?,"You can use an RJ-45-to-RJ-45 rollover cable and either an RJ-45 to DB-9 female adapter or an RJ-45 to DB-25 female DTE adapter, depending on your computer serial port, along with terminal emulation software.",procedure,cisco_manual.md,Console Port (chunk 0),70
augmented,2,b118ebc0021b97f092efb83db3747981f58dd553,You are a Cisco technical support specialist.,In what way can one link the console port to a PC?,"You can use an RJ-45-to-RJ-45 rollover cable and either an RJ-45 to DB-9 female adapter or an RJ-45 to DB-25 female DTE adapter, depending on your computer serial port, along with terminal emulation software.",procedure,cisco_manual.md,Console Port (chunk 0),70
augmented,3,b118ebc0021b97f092efb83db3747981f58dd553,You are a Cisco technical support specialist.,How should the console port be attached to a computer?,"You can use an RJ-45-to-RJ-45 rollover cable and either an RJ-45 to DB-9 female adapter or an RJ-45 to DB-25 female DTE adapter, depending on your computer serial port, along with terminal emulation software.",procedure,cisco_manual.md,Console Port (chunk 0),70
augmented,1,f9f748db141793d5c3c590c7a1e4703952aff581,You are a Cisco technical support specialist.,Which pin on the RJ-45 connector at the console port is assigned to the RTS signal?,Pin 1,spec,cisco_manual.md,Console Port.Signal / RJ-45 to RJ-45 Rollover Cable.RJ-45 Pin / RJ-45 to RJ-45 Rollover Cable.RJ-45 Pin_1 (chunk 0),70
augmented,2,f9f748db141793d5c3c590c7a1e4703952aff581,You are a Cisco technical support specialist.,"On the console port's RJ-45 interface, which specific pin carries the RTS signal?",Pin 1,spec,cisco_manual.md,Console Port.Signal / RJ-45 to RJ-45 Rollover Cable.RJ-45 Pin / RJ-45 to RJ-45 Rollover Cable.RJ-45 Pin_1 (chunk 0),70
augmented,1,5736f2e5a336f83625467ca516cb5ef953c5120c,You are a Cisco networking expert.,What is the relationship between pins 1 and 8 on the console port of the Cisco MDS 9148S Switch?,Pin 1 is connected internally to pin 8.,procedure,cisco_manual.md,Console Port Pinouts (chunk 0),70
augmented,2,5736f2e5a336f83625467ca516cb5ef953c5120c,You are a Cisco networking expert.,Can you describe how pins 1 and 8 are connected or related on the console port of a Cisco MDS 9148S Switch?,Pin 1 is connected internally to pin 8.,procedure,cisco_manual.md,Console Port Pinouts (chunk 0),70
augmented,1,142918cce5a48224a910aaad97bec619ed018315,You are a Cisco networking expert.,Which parts do I need to link the console port on an HP printer to a PC using terminal emulation?,You can use an RJ-45-to-RJ-45 rollover cable and an RJ-45-to-DB-25 female DTE adapter (labeled 'Terminal').,procedure,cisco_manual.md,Connecting the Console Port to a Computer Using the DB-25 Adapter (chunk 0),70
augmented,2,142918cce5a48224a910aaad97bec619ed018315,You are a Cisco networking expert.,What hardware is necessary for connecting the console port to a computer with terminal emulation software installed?,You can use an RJ-45-to-RJ-45 rollover cable and an RJ-45-to-DB-25 female DTE adapter (labeled 'Terminal').,procedure,cisco_manual.md,Connecting the Console Port to a Computer Using the DB-25 Adapter (chunk 0),70
augmented,1,0c9ecc02afc044c0204e03431ccc5de12696f86c,You are a helpful Cisco technician.,Which signal connects to pin 1 of the RJ-45 connector on the rollover cable?,RTS (Request To Send),spec,cisco_manual.md,Console Port.Signal / RJ-45 to RJ-45 Rollover Cable.RJ-45 Pins / RJ-45 to RJ-45 Rollover Cable.RJ-45 Pin (chunk 0),71
augmented,2,0c9ecc02afc044c0204e03431ccc5de12696f86c,You are a helpful Cisco technician.,"On a rollover cable, what is connected to RJ-45 pin 1?",RTS (Request To Send),spec,cisco_manual.md,Console Port.Signal / RJ-45 to RJ-45 Rollover Cable.RJ-45 Pins / RJ-45 to RJ-45 Rollover Cable.RJ-45 Pin (chunk 0),71
augmented,3,0c9ecc02afc044c0204e03431ccc5de12696f86c,You are a helpful Cisco technician.,What signal does RJ-45 pin 1 receive from the rollover cable?,RTS (Request To Send),spec,cisco_manual.md,Console Port.Signal / RJ-45 to RJ-45 Rollover Cable.RJ-45 Pins / RJ-45 to RJ-45 Rollover Cable.RJ-45 Pin (chunk 0),71
augmented,1,ce5122922ba3287e0a2037559ed5ff6afbdc3d71,You are a helpful Cisco technician.,"For a console device link, identify the DB-9 pin that carries the RTS signal.",Pin 7,spec,cisco_manual.md,Console Port.Signal / RJ-45 to RJ-45 Rollover Cable.RJ-45 Pins / RJ-45 to RJ-45 Rollover Cable.RJ-45 Pin (chunk 1),71
augmented,1,327872fd4e059d729d2886776e7b7748885bd956,You are a helpful Cisco technician.,Which RJ-45 pin is mapped to the DSR signal on the console port when utilizing an RJ-45 to RJ-45 rollover cable?,Pin 7,spec,cisco_manual.md,Console Port.Signal / RJ-45 to RJ-45 Rollover Cable.RJ-45 Pin / RJ-45 to RJ-45 Rollover Cable.RJ-45 Pin_1 (chunk 0),71
augmented,2,327872fd4e059d729d2886776e7b7748885bd956,You are a helpful Cisco technician.,"When using a rollover cable (RJ-45 to RJ-45), which specific pin corresponds to the DSR signal at the console port?",Pin 7,spec,cisco_manual.md,Console Port.Signal / RJ-45 to RJ-45 Rollover Cable.RJ-45 Pin / RJ-45 to RJ-45 Rollover Cable.RJ-45 Pin_1 (chunk 0),71
augmented,3,327872fd4e059d729d2886776e7b7748885bd956,You are a helpful Cisco technician.,"On a console port with an RJ-45 to RJ-45 rollover connection, what is the corresponding RJ-45 pin for the DSR signal?",Pin 7,spec,cisco_manual.md,Console Port.Signal / RJ-45 to RJ-45 Rollover Cable.RJ-45 Pin / RJ-45 to RJ-45 Rollover Cable.RJ-45 Pin_1 (chunk 0),71
augmented,1,c6bd022060deb70cc65a028f21fe4223bf4ab7e0,You are a customer service agent for Cisco devices.,What are the specifications for power cord ratings utilized in North America?,"15 A, 125 V",spec,cisco_manual.md,Locale / Power Cord Part Number / Source Plug Type (chunk 0),73
augmented,2,c6bd022060deb70cc65a028f21fe4223bf4ab7e0,You are a customer service agent for Cisco devices.,"For power cords used within North America, what is their required cordset rating?","15 A, 125 V",spec,cisco_manual.md,Locale / Power Cord Part Number / Source Plug Type (chunk 0),73
augmented,1,c7b84268a0ac01657c34f2b7b09c8aecc254ec3f,You are a helpful Cisco technician.,Which cable is required for connecting the 10/100 management Ethernet port to external hubs and switches?,"A modular, RJ-45, straight-through UTP cable.",spec,cisco_manual.md,MGMT 10/100 Ethernet Port (chunk 0),71
augmented,1,1393b19adff91724cf223b02d8a59bf91eff754f,You are a customer service agent for Cisco devices.,"In Japan, what rated cordset does the power cord have?","12 A, 250 VAC",spec,cisco_manual.md,Locale / Power Cord Part Number / Source Plug Type (chunk 0),74
augmented,1,12b6a95bcd78d709b8b6c30d3d732fdecb5b93c5,You are a customer service agent for Cisco devices.,Which elements constitute the environmental evaluation task?,"The environmental evaluation includes ambient temperature, humidity, altitude, and atmospheric contamination.",spec,cisco_manual.md,Task No. / Planning Activity / Verified By (chunk 0),78
augmented,2,12b6a95bcd78d709b8b6c30d3d732fdecb5b93c5,You are a customer service agent for Cisco devices.,What components make up the environmental assessment procedure?,"The environmental evaluation includes ambient temperature, humidity, altitude, and atmospheric contamination.",spec,cisco_manual.md,Task No. / Planning Activity / Verified By (chunk 0),78
augmented,3,12b6a95bcd78d709b8b6c30d3d732fdecb5b93c5,You are a customer service agent for Cisco devices.,"In the environmental evaluation, what specific factors are considered?","The environmental evaluation includes ambient temperature, humidity, altitude, and atmospheric contamination.",spec,cisco_manual.md,Task No. / Planning Activity / Verified By (chunk 0),78
augmented,1,4e14ebb7463c41fb3cfe533dc96fcf05bf2781d3,You are a Cisco technical support specialist.,In what way should one connect the C14 connector found on the optional jumper power cord?,The C14 connector connects into the C13 receptacle of a power distribution unit for a cabinet.,procedure,cisco_manual.md,Jumper Power Cord (chunk 0),74
augmented,2,4e14ebb7463c41fb3cfe533dc96fcf05bf2781d3,You are a Cisco technical support specialist.,How can the C14 connector of the optional jumper power cord be connected?,The C14 connector connects into the C13 receptacle of a power distribution unit for a cabinet.,procedure,cisco_manual.md,Jumper Power Cord (chunk 0),74
augmented,1,1ad1abbcdf08ca9a5881cfa49c490d2a922c86e7,You are a Cisco networking expert.,Why use Table 1-2 from Chapter 1?,The worksheet is used to record contact and site information.,procedure,cisco_manual.md,Contact and Site Information (chunk 0),79
augmented,2,1ad1abbcdf08ca9a5881cfa49c490d2a922c86e7,You are a Cisco networking expert.,For what reason is Table 1-2 in Chapter 1 utilized?,The worksheet is used to record contact and site information.,procedure,cisco_manual.md,Contact and Site Information (chunk 0),79
augmented,3,1ad1abbcdf08ca9a5881cfa49c490d2a922c86e7,You are a Cisco networking expert.,What does using Table 1-2 in Chapter 1 accomplish?,The worksheet is used to record contact and site information.,procedure,cisco_manual.md,Contact and Site Information (chunk 0),79
augmented,1,eda61a18d726cb029828da6d179270fdf2e4684a,You are a Cisco networking expert.,Which details need to be documented on the included worksheets?,"Chassis and network information, including contract number, chassis serial number, product number, switch IP address, switch IP netmask, host name, domain name, IP broadcast address, gateway/router address, DNS address, and modem telephone number.",procedure,cisco_manual.md,Chassis and Network Information (chunk 0),80
augmented,2,eda61a18d726cb029828da6d179270fdf2e4684a,You are a Cisco networking expert.,What data is required to fill out the supplied worksheets?,"Chassis and network information, including contract number, chassis serial number, product number, switch IP address, switch IP netmask, host name, domain name, IP broadcast address, gateway/router address, DNS address, and modem telephone number.",procedure,cisco_manual.md,Chassis and Network Information (chunk 0),80
augmented,3,eda61a18d726cb029828da6d179270fdf2e4684a,You are a Cisco networking expert.,For what purpose should information be entered into the provided worksheets?,"Chassis and network information, including contract number, chassis serial number, product number, switch IP address, switch IP netmask, host name, domain name, IP broadcast address, gateway/router address, DNS address, and modem telephone number.",procedure,cisco_manual.md,Chassis and Network Information (chunk 0),80
